setup,num_runs,average_epochs,run_handles,best_steps,val_f1_tier1_majority_mean,val_f1_tier1_majority_std,val_f1_tier2_majority_mean,val_f1_tier2_majority_std,val_f1_tier3_majority_mean,val_f1_tier3_majority_std,val_weighted_accuracy_tier1_majority_mean,val_weighted_accuracy_tier1_majority_std,val_weighted_accuracy_tier2_majority_mean,val_weighted_accuracy_tier2_majority_std,val_weighted_accuracy_tier3_majority_mean,val_weighted_accuracy_tier3_majority_std,val_precision_tier1_majority_mean,val_precision_tier1_majority_std,val_precision_tier2_majority_mean,val_precision_tier2_majority_std,val_precision_tier3_majority_mean,val_precision_tier3_majority_std,val_recall_tier1_majority_mean,val_recall_tier1_majority_std,val_recall_tier2_majority_mean,val_recall_tier2_majority_std,val_recall_tier3_majority_mean,val_recall_tier3_majority_std,val_cohen_kappa_tier1_majority_mean,val_cohen_kappa_tier1_majority_std,val_cohen_kappa_tier2_majority_mean,val_cohen_kappa_tier2_majority_std,val_cohen_kappa_tier3_majority_mean,val_cohen_kappa_tier3_majority_std
9,5,0,"['ag1jdddx', '8yhvjwxo', 'fp710w7q', 'pnjjnx8w', 'mxg42s34']","[4320, 3701, 5717, 6447, 4571]",0.5006250321865082,0.03710131780416992,0.32489387392997743,0.010451184159164533,0.21432288587093354,0.009439500254776497,0.9351638555526733,0.0021600731677696872,0.8255797863006592,0.006930734544863443,0.7700546383857727,0.011210848025832304,0.5906454920768738,0.048672022168908154,0.36105146408081057,0.012170853578596277,0.23805997669696807,0.018588779387959158,0.4791907072067261,0.03412592931668592,0.3159579515457153,0.014461502578147177,0.21325414180755614,0.007335386906422722,0.8728700876235962,0.00426930565889933,0.74831463098526,0.009561768713024658,0.6805362105369568,0.013979305756496441
3,5,0,"['r8nb2yxe', 'x62ylz8b', 'm2f0amyr', 'hcqg97ks', 'o1yt975x']","[1994, 3350, 3853, 3551, 1290]",0.4776830315589905,0.051695239528389995,0.31452109217643737,0.015320467508817211,0.19539275169372558,0.016058843459658665,0.9298496961593627,0.0019446598445802897,0.8121273398399353,0.00975849810392914,0.76697336435318,0.01048853521050902,0.5594108998775482,0.050550832282722974,0.3526110529899597,0.017807522993689404,0.22680132389068602,0.029563808824483697,0.488059264421463,0.07974451831711156,0.3117057025432587,0.024149397852151172,0.19024286270141602,0.011970904340511731,0.8617183089256286,0.003920941549650662,0.7300748825073242,0.0095844881393986,0.676587176322937,0.010206166833829676
