setup,num_runs,average_epochs,run_handles,best_steps,val_f1_tier1_majority_mean,val_f1_tier1_majority_std,val_f1_tier2_majority_mean,val_f1_tier2_majority_std,val_f1_tier3_majority_mean,val_f1_tier3_majority_std,val_weighted_accuracy_tier1_majority_mean,val_weighted_accuracy_tier1_majority_std,val_weighted_accuracy_tier2_majority_mean,val_weighted_accuracy_tier2_majority_std,val_weighted_accuracy_tier3_majority_mean,val_weighted_accuracy_tier3_majority_std,val_precision_tier1_majority_mean,val_precision_tier1_majority_std,val_precision_tier2_majority_mean,val_precision_tier2_majority_std,val_precision_tier3_majority_mean,val_precision_tier3_majority_std,val_recall_tier1_majority_mean,val_recall_tier1_majority_std,val_recall_tier2_majority_mean,val_recall_tier2_majority_std,val_recall_tier3_majority_mean,val_recall_tier3_majority_std,val_cohen_kappa_tier1_majority_mean,val_cohen_kappa_tier1_majority_std,val_cohen_kappa_tier2_majority_mean,val_cohen_kappa_tier2_majority_std,val_cohen_kappa_tier3_majority_mean,val_cohen_kappa_tier3_majority_std
3x3,5,0,"['h7irev7b', '79h10ttj', 'uueoorfh', 'l0gq47mi', 'ccj27435']","[2999, 3501, 3350, 3451, 2496]",0.46952215433120725,0.06018141831676233,0.3136009037494659,0.014948191275874611,0.2030333936214447,0.008499197045762142,0.9317563056945801,0.001999367312359704,0.8199036359786988,0.008607617163377605,0.7722894787788391,0.010298997305479292,0.5555654525756836,0.04824129620042359,0.3878727614879608,0.024286571713099437,0.24952025711536407,0.0241019203645118,0.4668046414852142,0.05956311918680924,0.30640100240707396,0.016555490933248315,0.19614707231521605,0.00776439252585746,0.8656948685646058,0.0038390473693105456,0.7398160576820374,0.009817006842682732,0.6829975843429565,0.011381156911884585
1x1,1,0,['j2yka52b'],[3300],0.41931623220443726,0.0,0.31166747212409973,0.0,0.22049975395202637,0.0,0.9378283619880676,0.0,0.835228681564331,0.0,0.7987960577011108,0.0,0.506651759147644,0.0,0.35201165080070496,0.0,0.2394172102212906,0.0,0.3918324410915375,0.0,0.29513081908226013,0.0,0.211328387260437,0.0,0.8778817653656006,0.0,0.7624142169952393,0.0,0.7200449109077454,0.0
