setup,num_runs,run_handles,best_steps,val_f1_tier1_majority_mean,val_f1_tier1_majority_std,val_f1_tier2_majority_mean,val_f1_tier2_majority_std,val_f1_tier3_majority_mean,val_f1_tier3_majority_std,val_weighted_accuracy_tier1_majority_mean,val_weighted_accuracy_tier1_majority_std,val_weighted_accuracy_tier2_majority_mean,val_weighted_accuracy_tier2_majority_std,val_weighted_accuracy_tier3_majority_mean,val_weighted_accuracy_tier3_majority_std
p-0.5,1,['cm0hlw6k'],[4858],0.36160802841186523,0.0,0.27769148349761963,0.0,0.1980932652950287,0.0,0.9310836791992188,0.0,0.8215368390083313,0.0,0.7876110076904297,0.0
p-0.2,5,"['rouv9lch', 'ym9requx', '6hsyjfm2', 'qhqbesf6', 'd3zidx38']","[2446, 2697, 3250, 3300, 3300]",0.4849028646945953,0.03813575085793836,0.31403860449790955,0.010111929947178046,0.1989228308200836,0.008622630612081895,0.9322519421577453,0.002455560623271406,0.8241145610809326,0.003953037096182409,0.7801642894744873,0.005441687127491761
refhead-zuericrop,5,"['6vdvcpsa', 'voz39aqw', 'tzbb1fpf', 'yfrzmegx', 'mhanp2qr']","[2999, 3350, 3099, 2496, 2496]",0.49283958673477174,0.05878717367408528,0.3177040755748749,0.016909396089426043,0.20471649169921874,0.0057507640688124004,0.9319451928138733,0.0016266731185253015,0.8241582036018371,0.003603413596744806,0.7781116604804993,0.008859991557056966
p-0.1,5,"['lrt47pea', 'sft8i5l2', 'hflukrac', 'il64btbr', '9nyrx2k7']","[3551, 3401, 3953, 2496, 2345]",0.48732258677482604,0.050225196755675855,0.3148398041725159,0.011993301374194316,0.20522234141826629,0.005220084359638638,0.9325399041175843,0.003776380405862982,0.8258104205131531,0.005708950405030216,0.7799759984016419,0.010209235492956669
