setup,num_runs,average_epochs,run_handles,best_steps,val_f1_tier1_majority_mean,val_f1_tier1_majority_std,val_f1_tier2_majority_mean,val_f1_tier2_majority_std,val_f1_tier3_majority_mean,val_f1_tier3_majority_std,val_weighted_accuracy_tier1_majority_mean,val_weighted_accuracy_tier1_majority_std,val_weighted_accuracy_tier2_majority_mean,val_weighted_accuracy_tier2_majority_std,val_weighted_accuracy_tier3_majority_mean,val_weighted_accuracy_tier3_majority_std,val_precision_tier1_majority_mean,val_precision_tier1_majority_std,val_precision_tier2_majority_mean,val_precision_tier2_majority_std,val_precision_tier3_majority_mean,val_precision_tier3_majority_std,val_recall_tier1_majority_mean,val_recall_tier1_majority_std,val_recall_tier2_majority_mean,val_recall_tier2_majority_std,val_recall_tier3_majority_mean,val_recall_tier3_majority_std,val_cohen_kappa_tier1_majority_mean,val_cohen_kappa_tier1_majority_std,val_cohen_kappa_tier2_majority_mean,val_cohen_kappa_tier2_majority_std,val_cohen_kappa_tier3_majority_mean,val_cohen_kappa_tier3_majority_std
no-aug,3,,"['gohfdvbc', '2ius5tmk', 'd6680sg9']","[3200, 4858, 4154]",0.466419776280721,0.06225236813061226,0.3089582622051239,0.015768159541023233,0.21158785621325174,0.0035973579281072237,0.9320179422696432,0.0010674803608169256,0.8172064622243246,0.00781790951762563,0.7754245599110922,0.006801897406789935,0.5260021785895029,0.07691238056925506,0.3396495083967845,0.020245518245296433,0.24767188231150308,0.007899822630886894,0.45996694763501483,0.0741033894204291,0.30103004972139996,0.019257707309256286,0.20201870302359262,0.007167087846398327,0.8661682407061259,0.0027678421797115702,0.7367478609085083,0.006690611970090591,0.6878579457600912,0.008041739489184203
f-0.5-j-0.01,2,,"['wmnirn4w', 'iflsz305']","[5059, 5260]",0.493551641702652,0.06343379616737366,0.32747139036655426,0.010837748646736145,0.25440050661563873,0.00016964972019195557,0.9281929731369019,0.0025823116302490234,0.8264919519424438,0.006657004356384277,0.7922888398170471,0.007391035556793213,0.568504810333252,0.012158513069152832,0.37313905358314514,0.01306241750717163,0.322403684258461,0.006509646773338318,0.48770710825920105,0.08585664629936218,0.31682612001895905,0.01848958432674408,0.2368820756673813,0.004034385085105896,0.8586229979991913,0.005035966634750366,0.7482193410396576,0.009753137826919556,0.7093544006347656,0.010470986366271973
