setup,num_runs,average_epochs,run_handles,best_steps,val_f1_tier1_majority_mean,val_f1_tier1_majority_std,val_f1_tier2_majority_mean,val_f1_tier2_majority_std,val_f1_tier3_majority_mean,val_f1_tier3_majority_std,val_weighted_accuracy_tier1_majority_mean,val_weighted_accuracy_tier1_majority_std,val_weighted_accuracy_tier2_majority_mean,val_weighted_accuracy_tier2_majority_std,val_weighted_accuracy_tier3_majority_mean,val_weighted_accuracy_tier3_majority_std,val_precision_tier1_majority_mean,val_precision_tier1_majority_std,val_precision_tier2_majority_mean,val_precision_tier2_majority_std,val_precision_tier3_majority_mean,val_precision_tier3_majority_std,val_recall_tier1_majority_mean,val_recall_tier1_majority_std,val_recall_tier2_majority_mean,val_recall_tier2_majority_std,val_recall_tier3_majority_mean,val_recall_tier3_majority_std,val_cohen_kappa_tier1_majority_mean,val_cohen_kappa_tier1_majority_std,val_cohen_kappa_tier2_majority_mean,val_cohen_kappa_tier2_majority_std,val_cohen_kappa_tier3_majority_mean,val_cohen_kappa_tier3_majority_std
consider,5,0,"['b8zgfkge', '6ol3718o', '5vbbic8n', 'hq7ogm1s', 'kc3hdxsl']","[2496, 3602, 5059, 2496, 3200]",0.46011277437210085,0.03604277559580333,0.3102417528629303,0.012195719557593465,0.2039948970079422,0.012027294970351527,0.9309966325759887,0.001891496979669952,0.8204181671142579,0.0034646514149621215,0.7719813704490661,0.007367138380987655,0.5467955350875855,0.06531577441693139,0.35629427433013916,0.0349923380333326,0.24065090119838714,0.028532881952751596,0.45886345505714415,0.040994795689020605,0.30349948406219485,0.015285365176622665,0.19590801894664764,0.009934276763011509,0.8643681049346924,0.003779056577484946,0.7394947290420533,0.0034398521928626236,0.6811661124229431,0.011393831485505409
ignore,5,0,"['dmo582s6', 'cvkrole0', '63s2erc7', 'f2ar5h8v', 'un44o7lr']","[878, 989, 1325, 1995, 2396]",0.49035786390304564,0.06305249735196178,0.3247145593166351,0.017214802193189653,0.21023279726505278,0.013741719824005568,0.9352567076683045,0.0030750205591677836,0.8201626300811767,0.008378934314364914,0.7779064893722534,0.009888007390492934,0.6013797163963318,0.07303909641301225,0.37453890442848203,0.021385927805381958,0.24193059802055358,0.02408901656339202,0.45679420232772827,0.062091443981230295,0.30795695781707766,0.01895342498534043,0.2010487973690033,0.01040595854144948,0.8727529168128967,0.006166989439445204,0.7423412442207337,0.010914475499706875,0.6930213093757629,0.012507857550847322
