setup,num_runs,average_epochs,run_handles,best_steps,val_f1_tier1_majority_mean,val_f1_tier1_majority_std,val_f1_tier2_majority_mean,val_f1_tier2_majority_std,val_f1_tier3_majority_mean,val_f1_tier3_majority_std,val_weighted_accuracy_tier1_majority_mean,val_weighted_accuracy_tier1_majority_std,val_weighted_accuracy_tier2_majority_mean,val_weighted_accuracy_tier2_majority_std,val_weighted_accuracy_tier3_majority_mean,val_weighted_accuracy_tier3_majority_std,val_precision_tier1_majority_mean,val_precision_tier1_majority_std,val_precision_tier2_majority_mean,val_precision_tier2_majority_std,val_precision_tier3_majority_mean,val_precision_tier3_majority_std,val_recall_tier1_majority_mean,val_recall_tier1_majority_std,val_recall_tier2_majority_mean,val_recall_tier2_majority_std,val_recall_tier3_majority_mean,val_recall_tier3_majority_std,val_cohen_kappa_tier1_majority_mean,val_cohen_kappa_tier1_majority_std,val_cohen_kappa_tier2_majority_mean,val_cohen_kappa_tier2_majority_std,val_cohen_kappa_tier3_majority_mean,val_cohen_kappa_tier3_majority_std
full_hierarchy,5,0,"['5u3eahwu', '079qfzmk', 'o0dgs3qf', '7hwlqp8n', 'x6fjdbh6']","[2546, 3250, 3652, 4154, 2898]",0.43712413907051084,0.03503028316120641,0.30697290897369384,0.0057714402907913225,0.20638684928417206,0.007893049479099636,0.9350937128067016,0.0019116207504303315,0.827308452129364,0.0031415185422858723,0.7883538007736206,0.005946050407419794,0.546569186449051,0.04503087157497301,0.3600607872009277,0.02340061082427497,0.25658556818962097,0.025731332356036286,0.4172964096069336,0.033588173756250415,0.294474732875824,0.006428542230520768,0.19501758813858033,0.005607467501850324,0.8721409797668457,0.0038695784000694873,0.7499876618385315,0.0042962665512009425,0.7042680144309997,0.008153244548452725
no_head,5,0,"['taxufqsu', '0p1rffnl', '7ozteo0h', 'bnsqwa5k', 'yjjmmy6c']","[2898, 2898, 2446, 3300, 3551]",0.4378196895122528,0.04915873899924707,0.3033466041088104,0.015595309653943077,0.20834020376205445,0.00566660054195499,0.9300158768892288,0.0038043111715065636,0.8164830356836319,0.011251969615115258,0.7801429778337479,0.01369925426067616,0.539835399389267,0.09570359806489805,0.3442378640174866,0.02861720550341504,0.25293548703193663,0.023268376491318694,0.4139544188976288,0.04061737940261579,0.2900195002555847,0.013186837998188476,0.1966722786426544,0.0038554898826011277,0.8634016275405884,0.0070805183820762535,0.7380824446678161,0.012219848207417498,0.6962225794792175,0.013865661982266932
