setup,num_runs,average_epochs,run_handles,best_steps,val_f1_tier1_majority_mean,val_f1_tier1_majority_std,val_f1_tier2_majority_mean,val_f1_tier2_majority_std,val_f1_tier3_majority_mean,val_f1_tier3_majority_std,val_weighted_accuracy_tier1_majority_mean,val_weighted_accuracy_tier1_majority_std,val_weighted_accuracy_tier2_majority_mean,val_weighted_accuracy_tier2_majority_std,val_weighted_accuracy_tier3_majority_mean,val_weighted_accuracy_tier3_majority_std,val_precision_tier1_majority_mean,val_precision_tier1_majority_std,val_precision_tier2_majority_mean,val_precision_tier2_majority_std,val_precision_tier3_majority_mean,val_precision_tier3_majority_std,val_recall_tier1_majority_mean,val_recall_tier1_majority_std,val_recall_tier2_majority_mean,val_recall_tier2_majority_std,val_recall_tier3_majority_mean,val_recall_tier3_majority_std,val_cohen_kappa_tier1_majority_mean,val_cohen_kappa_tier1_majority_std,val_cohen_kappa_tier2_majority_mean,val_cohen_kappa_tier2_majority_std,val_cohen_kappa_tier3_majority_mean,val_cohen_kappa_tier3_majority_std
1,1,0,['raxbuikf'],[1893],0.4171121120452881,0.0,0.2977842688560486,0.0,0.17878809571266174,0.0,0.9277117252349854,0.0,0.8186238408088684,0.0,0.7823655605316162,0.0,0.4647795557975769,0.0,0.32464444637298584,0.0,0.1936669945716858,0.0,0.4443230628967285,0.0,0.3007088303565979,0.0,0.18032588064670563,0.0,0.857024610042572,0.0,0.7354727983474731,0.0,0.6931883692741394,0.0
5,1,0,['5l6yuyzv'],[3752],0.3687647581100464,0.0,0.28469419479370117,0.0,0.19161838293075562,0.0,0.9254318475723267,0.0,0.7981280088424683,0.0,0.7406325340270996,0.0,0.412658154964447,0.0,0.31008201837539673,0.0,0.20588135719299316,0.0,0.35611140727996826,0.0,0.2747245132923126,0.0,0.18784740567207336,0.0,0.8544523119926453,0.0,0.7144100069999695,0.0,0.6469289064407349,0.0
3,1,0,['53i9t5aa'],[4205],0.37257176637649536,0.0,0.2830843925476074,0.0,0.20838995277881622,0.0,0.9279229640960693,0.0,0.7970804572105408,0.0,0.7582271695137024,0.0,0.4254796504974365,0.0,0.313647985458374,0.0,0.23346926271915436,0.0,0.35840773582458496,0.0,0.27078384160995483,0.0,0.19660593569278717,0.0,0.8579156994819641,0.0,0.7124093174934387,0.0,0.6690928936004639,0.0
