setup,num_runs,average_epochs,run_handles,best_steps,val_f1_tier1_majority_mean,val_f1_tier1_majority_std,val_f1_tier2_majority_mean,val_f1_tier2_majority_std,val_f1_tier3_majority_mean,val_f1_tier3_majority_std,val_weighted_accuracy_tier1_majority_mean,val_weighted_accuracy_tier1_majority_std,val_weighted_accuracy_tier2_majority_mean,val_weighted_accuracy_tier2_majority_std,val_weighted_accuracy_tier3_majority_mean,val_weighted_accuracy_tier3_majority_std,val_precision_tier1_majority_mean,val_precision_tier1_majority_std,val_precision_tier2_majority_mean,val_precision_tier2_majority_std,val_precision_tier3_majority_mean,val_precision_tier3_majority_std,val_recall_tier1_majority_mean,val_recall_tier1_majority_std,val_recall_tier2_majority_mean,val_recall_tier2_majority_std,val_recall_tier3_majority_mean,val_recall_tier3_majority_std,val_cohen_kappa_tier1_majority_mean,val_cohen_kappa_tier1_majority_std,val_cohen_kappa_tier2_majority_mean,val_cohen_kappa_tier2_majority_std,val_cohen_kappa_tier3_majority_mean,val_cohen_kappa_tier3_majority_std
1x1,5,0,"['k4hbru60', 'w3p22fao', '9fli9h39', '55jtq3tp', 'j2yka52b']","[2107, 2256, 2107, 1958, 3300]",0.4756543278694153,0.044480919685939715,0.32063087821006775,0.020488843679981973,0.19736494421958922,0.01219124861840786,0.9300568222999572,0.006101827035419588,0.8177438378334045,0.013215705520005347,0.7759819746017456,0.016931356422146403,0.5417540907859802,0.058372153130614245,0.3585488677024841,0.03828035462589315,0.22899580299854277,0.014410615187120597,0.478205943107605,0.05632039121514482,0.312894332408905,0.015999741570337164,0.1911340296268463,0.010637885346356289,0.8623466730117798,0.01247897713585208,0.7372039914131164,0.017084025471043523,0.6879726529121399,0.020988947411742467
3x3,5,0,"['h7irev7b', '79h10ttj', 'uueoorfh', 'l0gq47mi', 'ccj27435']","[2999, 3501, 3350, 3451, 2496]",0.46952215433120725,0.06018141831676233,0.3136009037494659,0.014948191275874611,0.2030333936214447,0.008499197045762142,0.9317563056945801,0.001999367312359704,0.8199036359786988,0.008607617163377605,0.7722894787788391,0.010298997305479292,0.5555654525756836,0.04824129620042359,0.3878727614879608,0.024286571713099437,0.24952025711536407,0.0241019203645118,0.4668046414852142,0.05956311918680924,0.30640100240707396,0.016555490933248315,0.19614707231521605,0.00776439252585746,0.8656948685646058,0.0038390473693105456,0.7398160576820374,0.009817006842682732,0.6829975843429565,0.011381156911884585
