setup,num_runs,average_epochs,run_handles,best_steps,val_f1_tier1_majority_mean,val_f1_tier1_majority_std,val_f1_tier2_majority_mean,val_f1_tier2_majority_std,val_f1_tier3_majority_mean,val_f1_tier3_majority_std,val_weighted_accuracy_tier1_majority_mean,val_weighted_accuracy_tier1_majority_std,val_weighted_accuracy_tier2_majority_mean,val_weighted_accuracy_tier2_majority_std,val_weighted_accuracy_tier3_majority_mean,val_weighted_accuracy_tier3_majority_std,val_precision_tier1_majority_mean,val_precision_tier1_majority_std,val_precision_tier2_majority_mean,val_precision_tier2_majority_std,val_precision_tier3_majority_mean,val_precision_tier3_majority_std,val_recall_tier1_majority_mean,val_recall_tier1_majority_std,val_recall_tier2_majority_mean,val_recall_tier2_majority_std,val_recall_tier3_majority_mean,val_recall_tier3_majority_std,val_cohen_kappa_tier1_majority_mean,val_cohen_kappa_tier1_majority_std,val_cohen_kappa_tier2_majority_mean,val_cohen_kappa_tier2_majority_std,val_cohen_kappa_tier3_majority_mean,val_cohen_kappa_tier3_majority_std
1024,1,0,['qyxmbzeo'],[2245],0.4150846600532532,0.0,0.31349703669548035,0.0,0.21134841442108154,0.0,0.9320741891860962,0.0,0.816859245300293,0.0,0.7800760269165039,0.0,0.4874264895915985,0.0,0.37793928384780884,0.0,0.247816801071167,0.0,0.406216561794281,0.0,0.2992616891860962,0.0,0.20059950649738312,0.0,0.8662849068641663,0.0,0.7380504012107849,0.0,0.6960234642028809,0.0
256,1,0,['zgy0lzpg'],[2195],0.41610321402549744,0.0,0.3035573363304138,0.0,0.1989232748746872,0.0,0.9311177730560303,0.0,0.8104111552238464,0.0,0.7683904767036438,0.0,0.47376424074172974,0.0,0.32340922951698303,0.0,0.2353096306324005,0.0,0.46980059146881104,0.0,0.31799936294555664,0.0,0.1976901739835739,0.0,0.8650312423706055,0.0,0.7300643920898438,0.0,0.6816178560256958,0.0
1024-wrong-kernel-size,1,0,['bb960ge3'],[2747],0.40146008133888245,0.0,0.29185742139816284,0.0,0.2091691792011261,0.0,0.9371180534362793,0.0,0.8295901417732239,0.0,0.7894275784492493,0.0,0.5409330725669861,0.0,0.35838937759399414,0.0,0.24413785338401794,0.0,0.3735722303390503,0.0,0.276398241519928,0.0,0.1987592875957489,0.0,0.8756917715072632,0.0,0.7523903250694275,0.0,0.704997181892395,0.0
