setup,num_runs,average_epochs,run_handles,best_steps,val_f1_tier1_majority_mean,val_f1_tier1_majority_std,val_f1_tier2_majority_mean,val_f1_tier2_majority_std,val_f1_tier3_majority_mean,val_f1_tier3_majority_std,val_accuracy_tier1_majority_mean,val_accuracy_tier1_majority_std,val_accuracy_tier2_majority_mean,val_accuracy_tier2_majority_std,val_accuracy_tier3_majority_mean,val_accuracy_tier3_majority_std,val_precision_tier1_majority_mean,val_precision_tier1_majority_std,val_precision_tier2_majority_mean,val_precision_tier2_majority_std,val_precision_tier3_majority_mean,val_precision_tier3_majority_std,val_recall_tier1_majority_mean,val_recall_tier1_majority_std,val_recall_tier2_majority_mean,val_recall_tier2_majority_std,val_recall_tier3_majority_mean,val_recall_tier3_majority_std,val_cohen_kappa_tier1_majority_mean,val_cohen_kappa_tier1_majority_std,val_cohen_kappa_tier2_majority_mean,val_cohen_kappa_tier2_majority_std,val_cohen_kappa_tier3_majority_mean,val_cohen_kappa_tier3_majority_std
zueri_crop,5,0,"['29bqeemw', '50s2fvek', '4epaqayu', 'vh2uiqhu', 'w97f3unz']","[2546, 3049, 3602, 2144, 3250]",0.4679892063140869,0.057619413887497875,0.2949837505817413,0.019809335152694514,0.18559193909168242,0.008229873928586083,0.47806990146636963,0.08209120892511876,0.2953913450241089,0.027607888779699823,0.18463498950004578,0.004732532330174232,0.5326482594013214,0.04762328806749045,0.3354665100574493,0.019314322185122332,0.21175017058849335,0.022048089242684078,0.47806990146636963,0.08209120892511876,0.2953913450241089,0.027607888779699823,0.18463498950004578,0.004732532330174232,0.8559229850769043,0.008159543751258009,0.7022280335426331,0.012261193825454205,0.6490620851516724,0.014433822373754034
seasonality,5,0,"['14vq1gxy', 'yybaln6f', 'dzsqy7t9', 'x50pkggh', '4pyxr2h6']","[1713, 1801, 1245, 1362, 1538]",0.8846162676811218,0.012262642055492474,0.3569499790668488,0.007787132385197412,,,0.8763202071189881,0.01631857986748163,0.34732626676559447,0.003325148021596197,,,0.8985877990722656,0.008185853662166622,0.3943942070007324,0.015959528584167534,,,0.8763202071189881,0.01631857986748163,0.34732626676559447,0.003325148021596197,,,0.8527665615081788,0.012537133911400954,0.7505863308906555,0.004605052917230965,,
